1 Denis Tyler denis_tyler@biz.com 1 1 4600.98 4278.911,Denis
2 Clarissa Parker clarissa_parker@biz.com 1 1 3097.50 2880.675,Denis
3 Harmony Rycroft harmony_rycroft@biz.com 1 1 4586.42 4265.371,Denis
4 Alan Patel alan_patel@biz.com 1 1 4606.19 4283.757,Denis
5 Domenic Eaton domenic_eaton@biz.com 1 1 4870.00 4529.100,Denis
6 Boris Wallace boris_wallace@biz.com 1 2 3015.88 2804.768,Clarissa
7 Maria Alexander maria_alexander@biz.com 1 2 4500.41 4185.381,Clarissa
8 Kurt Wright kurt_wright@biz.com 1 2 3827.35 3559.436,Clarissa
9 Dani James dani_james@biz.com 1 3 4875.81 4534.503,Harmony
10 Caitlyn Allen caitlyn_allen@biz.com 1 3 4753.90 4421.127,Harmony
11 Erick Uttley erick_uttley@biz.com 1 3 3424.11 3184.422,Harmony
12 Carmen Zaoui carmen_zaoui@biz.com 1 3 3807.26 3540.752,Harmony
13 Bernadette Dickson bernadette_dickson@biz.com 1 4 4097.25 3810.442,Alan
14 Clint Cork clint_cork@biz.com 1 4 4670.69 4343.742,Alan
15 Stella Rossi stella_rossi@biz.com 1 4 4523.48 4206.836,Alan
16 Angela Thornton angela_thornton@biz.com 1 4 3720.20 3459.786,Alan
17 Cameron Pickard cameron_pickard@biz.com 1 5 4123.55 3834.901,Domenic
18 Enoch Umney enoch_umney@biz.com 1 5 4474.98 4161.731,Domenic
19 Bryon Plant bryon_plant@biz.com 1 5 4133.06 3843.746,Domenic
20 Charlize Horton charlize_horton@biz.com 1 5 3710.10 3450.393,Domenic
21 Doug Kelly doug_kelly@biz.com 1 5 3035.54 2823.052,Domenic
22 Elijah Eyres elijah_eyres@biz.com 1 5 4113.81 3825.843,Domenic
23 Cassandra Connell cassandra_connell@biz.com 1 6 4092.48 3806.006,Boris
24 Deborah Nurton deborah_nurton@biz.com 1 6 3408.55 3169.952,Boris
25 Teagan Roberts teagan_roberts@biz.com 1 6 4071.58 3786.569,Boris
26 Boris Spencer boris_spencer@biz.com 1 7 4198.51 3904.614,Maria
27 Sabrina Robinson sabrina_robinson@biz.com 1 7 4375.77 4069.466,Maria
28 Jacob Driscoll jacob_driscoll@biz.com 1 7 4776.52 4442.164,Maria
29 Josh Downing josh_downing@biz.com 1 7 3143.59 2923.539,Maria
30 Manuel Griffiths manuel_griffiths@biz.com 1 8 3724.32 3463.618,Kurt
31 Maddison Silva maddison_silva@biz.com 1 8 3600.22 3348.205,Kurt
32 Camellia Watson camellia_watson@biz.com 1 8 3883.78 3611.916,Kurt
33 Bob Booth bob_booth@biz.com 1 9 4733.93 4402.555,Dani
34 George Cassidy george_cassidy@biz.com 1 9 4318.48 4016.186,Dani
35 Hayden Collins hayden_collins@biz.com 1 9 3576.29 3325.950,Dani
36 Phillip Curtis phillip_curtis@biz.com 1 9 4113.16 3825.239,Dani
37 Barney Preston barney_preston@biz.com 1 10 3538.04 3290.377,Caitlyn
38 Hayden Bishop hayden_bishop@biz.com 1 10 3636.29 3381.750,Caitlyn
39 Abbey Goodman abbey_goodman@biz.com 1 10 4590.87 4269.509,Caitlyn
40 Caydence Mould caydence_mould@biz.com 1 10 4899.99 4556.991,Caitlyn
41 Josh Seymour josh_seymour@biz.com 1 11 3785.81 3520.803,Erick
42 Penelope York penelope_york@biz.com 1 11 3212.83 2987.932,Erick
43 Chester Carter chester_carter@biz.com 1 12 3148.36 2927.975,Carmen
44 Rose Abbey rose_abbey@biz.com 1 12 3570.42 3320.490,Carmen
45 Andrea Harvey andrea_harvey@biz.com 1 12 3707.08 3447.584,Carmen
46 Alice Hastings alice_hastings@biz.com 1 13 4120.16 3831.749,Bernadette
47 Emerald Boyle emerald_boyle@biz.com 1 13 4322.54 4019.962,Bernadette
48 Anthony Andersson anthony_andersson@biz.com 1 13 4003.35 3723.116,Bernadette
49 Nick Lomax nick_lomax@biz.com 1 13 4546.43 4228.180,Bernadette
50 Boris Doherty boris_doherty@biz.com 1 14 3496.68 3251.912,Clint
51 David Bowen david_bowen@biz.com 1 14 4696.24 4367.503,Clint
52 Sabrina Morris sabrina_morris@biz.com 1 14 4796.44 4460.689,Clint
53 Rhea Dempsey rhea_dempsey@biz.com 1 14 3124.09 2905.404,Clint
54 Katelyn White katelyn_white@biz.com 1 14 3098.01 2881.149,Clint
55 Leilani Reese leilani_reese@biz.com 1 15 4527.50 4210.575,Stella
56 Roger Wild roger_wild@biz.com 1 20 3371.62 3135.607,Charlize
57 Ryan Grant ryan_grant@biz.com 1 20 3653.64 3397.885,Charlize
58 Kate Waterson kate_waterson@biz.com 1 20 4608.18 4285.607,Charlize
59 Lynn Martin lynn_martin@biz.com 1 21 4780.04 4445.437,Doug
60 Benjamin Dowson benjamin_dowson@biz.com 1 21 3265.83 3037.222,Doug
61 Domenic Yoman domenic_yoman@biz.com 1 21 4301.94 4000.804,Doug
62 Jacob Carter jacob_carter@biz.com 1 22 4907.57 4564.040,Elijah
63 Javier Holmes javier_holmes@biz.com 1 22 4398.21 4090.335,Elijah
64 Henry Roscoe henry_roscoe@biz.com 1 22 4219.06 3923.726,Elijah
65 Chadwick Bennett chadwick_bennett@biz.com 1 24 4920.87 4576.409,Deborah
66 Liam Knight liam_knight@biz.com 1 24 3399.14 3161.200,Deborah
67 Ramon Ellison ramon_ellison@biz.com 1 24 3951.99 3675.351,Deborah
68 Alan Wilde alan_wilde@biz.com 1 26 4330.35 4027.226,Boris
69 Rosie Hunt rosie_hunt@biz.com 1 26 3299.11 3068.172,Boris
70 Percy Sherwood percy_sherwood@biz.com 1 26 4443.43 4132.390,Boris
71 Jackeline Tobin jackeline_tobin@biz.com 1 26 4020.53 3739.093,Boris
72 Celina Campbell celina_campbell@biz.com 1 27 4305.73 4004.329,Sabrina
73 Mason Quinn mason_quinn@biz.com 1 27 3449.42 3207.960,Sabrina
74 Danny Vallory danny_vallory@biz.com 1 27 3115.70 2897.601,Sabrina
75 Lucas Skinner lucas_skinner@biz.com 1 30 4652.01 4326.369,Manuel
76 Tyler Rehman tyler_rehman@biz.com 1 30 4573.09 4252.974,Manuel
77 Daphne Mullins daphne_mullins@biz.com 1 30 4035.77 3753.266,Manuel
78 Selena Patel selena_patel@biz.com 1 31 3644.31 3389.208,Maddison
79 Charlize Whitmore charlize_whitmore@biz.com 1 31 3436.35 3195.806,Maddison
80 Brad Nurton brad_nurton@biz.com 1 34 4294.59 3993.969,George
81 Francesca Driscoll francesca_driscoll@biz.com 1 34 4222.31 3926.748,George
82 Rick Roth rick_roth@biz.com 1 34 4901.74 4558.618,George
83 Luke Walker luke_walker@biz.com 1 34 4794.92 4459.275,George
84 Russel Middleton russel_middleton@biz.com 1 35 3911.54 3637.732,Hayden
85 Michelle Mcgee michelle_mcgee@biz.com 1 35 4133.62 3844.267,Hayden
86 Margaret Hunter margaret_hunter@biz.com 1 36 3518.83 3272.512,Phillip
87 Matt Woods matt_woods@biz.com 1 36 4809.78 4473.095,Phillip
88 Ellen Becker ellen_becker@biz.com 1 36 3458.26 3216.182,Phillip
89 Julius Robe julius_robe@biz.com 1 36 4836.35 4497.806,Phillip
90 Jazmin Porter jazmin_porter@biz.com 1 37 3252.58 3024.899,Barney
91 Eduardo Dwyer eduardo_dwyer@biz.com 1 37 4115.21 3827.145,Barney
92 Ivette Webster ivette_webster@biz.com 1 39 3758.62 3495.517,Abbey
93 Noah James noah_james@biz.com 1 39 3110.78 2893.025,Abbey
94 Rosalee Cunningham rosalee_cunningham@biz.com 1 40 4487.67 4173.533,Caydence
95 Dasha Matthews dasha_matthews@biz.com 1 40 4212.84 3917.941,Caydence
96 Michelle Asher michelle_asher@biz.com 1 40 4554.18 4235.388,Caydence
97 Jacob Gray jacob_gray@biz.com 1 45 3157.28 2936.271,Andrea
98 Cedrick Redden cedrick_redden@biz.com 1 45 3537.64 3290.005,Andrea
99 Noah Thompson noah_thompson@biz.com 1 45 3887.14 3615.040,Andrea
100 Tony Dillon tony_dillon@biz.com 1 45 2931.07 2725.895,Andrea
101 Denny Dubois denny_dubois@biz.com 1 50 3920.37 3645.944,Boris
102 Stacy Cassidy stacy_cassidy@biz.com 1 51 3349.03 3114.598,David
103 Julianna Warren julianna_warren@biz.com 1 51 4574.41 4254.202,David
104 Caleb Wild caleb_wild@biz.com 1 51 3696.11 3437.382,David
105 Rosie Bishop rosie_bishop@biz.com 1 51 4132.53 3843.253,David
106 Benjamin Rosenbloom benjamin_rosenbloom@biz.com 1 52 3806.01 3539.589,Sabrina
107 Bart Butler bart_butler@biz.com 1 52 4101.87 3814.739,Sabrina
108 Harry Nurton harry_nurton@biz.com 1 52 2894.57 2691.950,Sabrina
109 Lindsay Welsch lindsay_welsch@biz.com 1 53 4005.36 3724.985,Rhea
110 Ronald Everett ronald_everett@biz.com 1 53 3259.40 3031.242,Rhea
111 Alessandra Scott alessandra_scott@biz.com 1 53 4299.61 3998.637,Rhea
112 Alma Griffiths alma_griffiths@biz.com 1 53 3087.94 2871.784,Rhea
113 Jenna Powell jenna_powell@biz.com 1 54 4846.85 4507.571,Katelyn
114 John Furnell john_furnell@biz.com 1 54 3346.76 3112.487,Katelyn
115 Jamie Parker jamie_parker@biz.com 1 54 3105.60 2888.208,Katelyn
116 Anthony Scott anthony_scott@biz.com 1 54 3775.42 3511.141,Katelyn
117 Lucas Wilkinson lucas_wilkinson@biz.com 1 55 3144.96 2924.813,Leilani
118 Havana Watson havana_watson@biz.com 1 55 4804.69 4468.362,Leilani
119 Percy Hilton percy_hilton@biz.com 1 55 3437.09 3196.494,Leilani
120 Wade Booth wade_booth@biz.com 1 55 3219.61 2994.237,Leilani
121 Clarissa Gray clarissa_gray@biz.com 1 55 3774.54 3510.322,Leilani
122 Catherine Collins catherine_collins@biz.com 1 55 3597.04 3345.247,Leilani
123 Enoch Mitchell enoch_mitchell@biz.com 1 56 3213.65 2988.694,Roger
124 Abdul Heaton abdul_heaton@biz.com 1 56 3231.27 3005.081,Roger
125 Peyton Russel peyton_russel@biz.com 1 56 4298.92 3997.996,Roger
126 Andrea Ellison andrea_ellison@biz.com 1 57 4555.42 4236.541,Ryan
127 Carissa Quinnell carissa_quinnell@biz.com 1 57 4072.38 3787.313,Ryan
128 Estrella Gates estrella_gates@biz.com 1 57 4278.67 3979.163,Ryan
129 Mike Palmer mike_palmer@biz.com 1 57 3897.80 3624.954,Ryan
130 Carl Saunders carl_saunders@biz.com 1 58 4389.97 4082.672,Kate
131 Michelle Stone michelle_stone@biz.com 1 58 4163.49 3872.046,Kate
132 Aiden Craig aiden_craig@biz.com 1 58 3925.00 3650.250,Kate
133 Natalie Vinton natalie_vinton@biz.com 1 59 4427.63 4117.696,Lynn
134 Matthew Pickard matthew_pickard@biz.com 1 59 2880.84 2679.181,Lynn
135 Sofia Steer sofia_steer@biz.com 1 59 3982.37 3703.604,Lynn
136 Tom Oliver tom_oliver@biz.com 1 59 2927.24 2722.333,Lynn
137 Agnes Chadwick agnes_chadwick@biz.com 1 60 3716.90 3456.717,Benjamin
138 Mavis Turner mavis_turner@biz.com 1 60 3130.21 2911.095,Benjamin
139 Rocco Shields rocco_shields@biz.com 1 60 4687.13 4359.031,Benjamin
140 Caleb Jenkin caleb_jenkin@biz.com 1 60 3552.11 3303.462,Benjamin
141 Roger Stevens roger_stevens@biz.com 1 61 4050.40 3766.872,Domenic
142 Lucas Shea lucas_shea@biz.com 1 61 3744.90 3482.757,Domenic
143 Stephanie Parker stephanie_parker@biz.com 1 62 3876.62 3605.257,Jacob
144 Cara Bayliss cara_bayliss@biz.com 1 62 4095.29 3808.620,Jacob
145 Francesca Sherwood francesca_sherwood@biz.com 1 62 4401.80 4093.674,Jacob
146 Daron Windsor daron_windsor@biz.com 1 63 3332.80 3099.504,Javier
147 Harry Chapman harry_chapman@biz.com 1 63 3840.44 3571.609,Javier
148 Rosalee Holmes rosalee_holmes@biz.com 1 63 3404.91 3166.566,Javier
149 Skylar Attwood skylar_attwood@biz.com 1 63 4507.37 4191.854,Javier
150 Alexander Sinclair alexander_sinclair@biz.com 1 64 4793.43 4457.890,Henry
151 Alex Rixon alex_rixon@biz.com 1 64 3801.95 3535.813,Henry
152 Paige Villiger paige_villiger@biz.com 1 64 4173.06 3880.946,Henry
153 Luke London luke_london@biz.com 1 64 4419.79 4110.405,Henry
154 Cedrick Price cedrick_price@biz.com 1 64 4145.56 3855.371,Henry
155 Christine Herbert christine_herbert@biz.com 1 65 3544.52 3296.404,Chadwick
156 Charlize Miller charlize_miller@biz.com 1 70 3257.80 3029.754,Percy
157 Mike Barclay mike_barclay@biz.com 1 70 3550.11 3301.602,Percy
158 Carl Hood carl_hood@biz.com 1 70 3917.24 3643.033,Percy
159 Blake Noon blake_noon@biz.com 1 71 4201.61 3907.497,Jackeline
160 Bryce Calderwood bryce_calderwood@biz.com 1 71 3175.41 2953.131,Jackeline
161 Beatrice Bradshaw beatrice_bradshaw@biz.com 1 71 3602.25 3350.093,Jackeline
162 Adelaide Fenton adelaide_fenton@biz.com 1 72 3805.98 3539.561,Celina
163 Havana Whitmore havana_whitmore@biz.com 1 72 2908.78 2705.166,Celina
164 Jules Mitchell jules_mitchell@biz.com 1 72 4175.48 3883.196,Celina
165 Julia Olivier julia_olivier@biz.com 1 74 4211.48 3916.676,Danny
166 Emerald Ross emerald_ross@biz.com 1 74 4568.15 4248.379,Danny
167 Ciara Mcnally ciara_mcnally@biz.com 1 74 4360.02 4054.819,Danny
168 Bryon Leigh bryon_leigh@biz.com 1 76 3603.89 3351.618,Tyler
169 Caleb Boden caleb_boden@biz.com 1 76 4444.99 4133.841,Tyler
170 Melanie Gray melanie_gray@biz.com 1 76 4462.32 4149.958,Tyler
171 Kurt Allington kurt_allington@biz.com 1 76 3022.08 2810.534,Tyler
172 Sage Forester sage_forester@biz.com 1 77 3486.08 3242.054,Daphne
173 Barney Nielson barney_nielson@biz.com 1 77 4039.32 3756.568,Daphne
174 Leroy Wild leroy_wild@biz.com 1 77 2916.41 2712.261,Daphne
175 Elijah Collis elijah_collis@biz.com 1 80 3586.97 3335.882,Brad
176 Remy Hancock remy_hancock@biz.com 1 80 3941.30 3665.409,Brad
177 Lara Simpson lara_simpson@biz.com 1 80 3264.93 3036.385,Brad
178 Alan Kelly alan_kelly@biz.com 1 81 3625.62 3371.827,Francesca
179 Benny Cattell benny_cattell@biz.com 1 81 4204.36 3910.055,Francesca
180 Jacqueline Davies jacqueline_davies@biz.com 1 84 4729.32 4398.268,Russel
181 Ellen Gardner ellen_gardner@biz.com 1 84 3475.49 3232.206,Russel
182 Michael Cameron michael_cameron@biz.com 1 84 4112.14 3824.290,Russel
183 Marjorie Hepburn marjorie_hepburn@biz.com 1 84 4177.31 3884.898,Russel
184 Percy Rixon percy_rixon@biz.com 1 85 3182.68 2959.892,Michelle
185 Goldie Giles goldie_giles@biz.com 1 85 3788.44 3523.249,Michelle
186 Bethany Whinter bethany_whinter@biz.com 1 86 3855.28 3585.410,Margaret
187 Estrella Wallace estrella_wallace@biz.com 1 86 3549.82 3301.333,Margaret
188 Shelby Tutton shelby_tutton@biz.com 1 86 3032.97 2820.662,Margaret
189 Georgia Walsh georgia_walsh@biz.com 1 86 3591.74 3340.318,Margaret
190 Lillian Robertson lillian_robertson@biz.com 1 87 3245.18 3018.017,Matt
191 Judith Anderson judith_anderson@biz.com 1 87 3093.22 2876.695,Matt
192 Chris Parker chris_parker@biz.com 1 89 4111.10 3823.323,Julius
193 Joseph Nelson joseph_nelson@biz.com 1 89 4059.43 3775.270,Julius
194 Remy Evans remy_evans@biz.com 1 90 3090.79 2874.435,Jazmin
195 Crystal Pierce crystal_pierce@biz.com 1 90 2879.18 2677.637,Jazmin
196 Florence Jacobs florence_jacobs@biz.com 1 90 3167.68 2945.942,Jazmin
197 Mike John mike_john@biz.com 1 95 3493.98 3249.401,Dasha
198 Greta Olson greta_olson@biz.com 1 95 3511.60 3265.788,Dasha
199 Remy Bryson remy_bryson@biz.com 1 95 3951.86 3675.230,Dasha
200 Doris Mcnally doris_mcnally@biz.com 1 95 3822.01 3554.469,Dasha
201 Logan Edmonds logan_edmonds@biz.com 1 100 3702.08 3442.935,Tony
202 Emerald Lindsay emerald_lindsay@biz.com 1 101 3900.13 3627.121,Denny
203 Peter Needham peter_needham@biz.com 1 101 3254.87 3027.029,Denny
204 Jayden Gosling jayden_gosling@biz.com 1 101 4054.29 3770.490,Denny
205 Maxwell Hill maxwell_hill@biz.com 1 101 3853.95 3584.173,Denny
206 Regina Coleman regina_coleman@biz.com 1 102 2925.47 2720.687,Stacy
207 Celina Clarke celina_clarke@biz.com 1 102 3323.82 3091.153,Stacy
208 Nicholas Alldridge nicholas_alldridge@biz.com 1 102 4407.55 4099.021,Stacy
209 Vicky Mullins vicky_mullins@biz.com 1 103 3099.75 2882.768,Julianna
210 Cedrick Clark cedrick_clark@biz.com 1 103 3666.38 3409.733,Julianna
211 Scarlett Thompson scarlett_thompson@biz.com 1 103 3185.47 2962.487,Julianna
212 Chris Jarvis chris_jarvis@biz.com 1 103 4380.78 4074.125,Julianna
213 Ron Warner ron_warner@biz.com 1 104 3389.93 3152.635,Caleb
214 Shay Matthews shay_matthews@biz.com 1 104 4319.75 4017.367,Caleb
215 Daphne Clarke daphne_clarke@biz.com 1 104 2815.35 2618.276,Caleb
216 Priscilla Oldfield priscilla_oldfield@biz.com 1 104 3788.21 3523.035,Caleb
217 Alba Drake alba_drake@biz.com 1 105 3633.52 3379.174,Rosie
218 Julian Milner julian_milner@biz.com 1 105 3568.90 3319.077,Rosie
219 Nancy Quinnell nancy_quinnell@biz.com 1 105 3714.04 3454.057,Rosie
220 Aiden Griffiths aiden_griffiths@biz.com 1 105 3922.67 3648.083,Rosie
221 Carl Dillon carl_dillon@biz.com 1 105 3101.41 2884.311,Rosie
222 Jessica Blackwall jessica_blackwall@biz.com 1 105 3953.78 3677.015,Rosie
223 Sonya Ventura sonya_ventura@biz.com 1 106 4265.68 3967.083,Benjamin
224 Rosie Hancock rosie_hancock@biz.com 1 106 3284.97 3055.022,Benjamin
225 Percy Raven percy_raven@biz.com 1 106 3622.27 3368.711,Benjamin
226 Sage Dixon sage_dixon@biz.com 1 107 3865.97 3595.352,Bart
227 Michelle Zaoui michelle_zaoui@biz.com 1 107 4370.38 4064.453,Bart
228 Rick Oldfield rick_oldfield@biz.com 1 107 3727.25 3466.343,Bart
229 Elijah Kidd elijah_kidd@biz.com 1 107 3352.53 3117.853,Bart
230 Boris Collins boris_collins@biz.com 1 108 3342.10 3108.153,Harry
231 Mabel Owen mabel_owen@biz.com 1 108 3767.71 3503.970,Harry
232 Carissa Lambert carissa_lambert@biz.com 1 108 4015.80 3734.694,Harry
233 Clint Matthews clint_matthews@biz.com 1 109 3567.48 3317.756,Lindsay
234 Amy Newman amy_newman@biz.com 1 109 3515.58 3269.490,Lindsay
235 Johnny Donnelly johnny_donnelly@biz.com 1 109 4092.77 3806.276,Lindsay
236 Daron Waterson daron_waterson@biz.com 1 109 3149.38 2928.923,Lindsay
237 Tony Nicolas tony_nicolas@biz.com 1 110 4265.19 3966.627,Ronald
238 Ronald Bryant ronald_bryant@biz.com 1 110 4393.81 4086.243,Ronald
239 Mavis Rees mavis_rees@biz.com 1 110 4186.45 3893.399,Ronald
240 Lana Walter lana_walter@biz.com 1 110 4469.53 4156.663,Ronald
241 Alba Strong alba_strong@biz.com 1 111 4245.66 3948.464,Alessandra
242 Mina Rosenbloom mina_rosenbloom@biz.com 1 111 3877.66 3606.224,Alessandra
243 Bristol Richards bristol_richards@biz.com 1 112 3180.13 2957.521,Alma
244 Isabel Trent isabel_trent@biz.com 1 112 4483.95 4170.074,Alma
245 Maxwell Dann maxwell_dann@biz.com 1 112 4418.25 4108.973,Alma
246 Aurelia Uddin aurelia_uddin@biz.com 1 113 3301.27 3070.181,Jenna
247 Rick Nayler rick_nayler@biz.com 1 113 3586.25 3335.212,Jenna
248 Maxwell King maxwell_king@biz.com 1 113 4328.28 4025.300,Jenna
249 Chad Knight chad_knight@biz.com 1 113 4184.34 3891.436,Jenna
250 Nathan Morgan nathan_morgan@biz.com 1 114 3807.52 3540.994,John
251 Abdul Weatcroft abdul_weatcroft@biz.com 1 114 4699.86 4370.870,John
252 Valentina Walker valentina_walker@biz.com 1 114 4041.23 3758.344,John
253 Victoria Flack victoria_flack@biz.com 1 114 2893.75 2691.188,John
254 Doug Tyler doug_tyler@biz.com 1 114 4420.92 4111.456,John
255 Helen Vince helen_vince@biz.com 1 115 3942.44 3666.469,Jamie
256 Danny Neville danny_neville@biz.com 1 120 4120.10 3831.693,Wade
257 Tony Vince tony_vince@biz.com 1 120 4347.85 4043.500,Wade
258 Gwenyth Groves gwenyth_groves@biz.com 1 120 4008.73 3728.119,Wade
259 Brad Antcliff brad_antcliff@biz.com 1 121 4259.44 3961.279,Clarissa
260 Sarah Fleming sarah_fleming@biz.com 1 121 4055.84 3771.931,Clarissa
261 Ruth Yarlett ruth_yarlett@biz.com 1 121 2805.09 2608.734,Clarissa
262 Havana Rainford havana_rainford@biz.com 1 122 4479.23 4165.684,Catherine
263 John Stewart john_stewart@biz.com 1 122 3215.50 2990.415,Catherine
264 Rita Chapman rita_chapman@biz.com 1 122 3644.35 3389.246,Catherine
265 Adela Mould adela_mould@biz.com 1 124 2923.49 2718.846,Abdul
266 Meredith Wright meredith_wright@biz.com 1 124 4582.13 4261.381,Abdul
267 Aurelia Roberts aurelia_roberts@biz.com 1 124 3853.59 3583.839,Abdul
268 David Jarvis david_jarvis@biz.com 1 126 2895.77 2693.066,Andrea
269 Agnes Emmott agnes_emmott@biz.com 1 126 3925.87 3651.059,Andrea
270 Noah Wigley noah_wigley@biz.com 1 126 3751.42 3488.821,Andrea
271 Fred Savage fred_savage@biz.com 1 126 3853.97 3584.192,Andrea
272 Julius Rycroft julius_rycroft@biz.com 1 127 4277.41 3977.991,Carissa
273 Courtney Morris courtney_morris@biz.com 1 127 2874.80 2673.564,Carissa
274 Jayden Ralph jayden_ralph@biz.com 1 127 4509.70 4194.021,Carissa
275 Angelina Strong angelina_strong@biz.com 1 130 4191.48 3898.076,Carl
276 Liv Casey liv_casey@biz.com 1 130 2846.50 2647.245,Carl
277 Alan Waterhouse alan_waterhouse@biz.com 1 130 3967.98 3690.221,Carl
278 Leroy Jarvis leroy_jarvis@biz.com 1 131 4066.44 3781.789,Michelle
279 Boris Lee boris_lee@biz.com 1 131 3429.89 3189.798,Michelle
280 Gloria Robinson gloria_robinson@biz.com 1 134 3701.48 3442.376,Matthew
281 Matthew Thorne matthew_thorne@biz.com 1 134 3547.73 3299.389,Matthew
282 Stephanie Thomas stephanie_thomas@biz.com 1 134 4525.16 4208.399,Matthew
283 Josh Addison josh_addison@biz.com 1 134 3712.27 3452.411,Matthew
284 Tom Lewis tom_lewis@biz.com 1 135 3953.63 3676.876,Sofia
285 Emma Rogers emma_rogers@biz.com 1 135 4628.21 4304.235,Sofia
286 Percy Grant percy_grant@biz.com 1 136 2819.79 2622.405,Tom
287 Leanne Flack leanne_flack@biz.com 1 136 4607.86 4285.310,Tom
288 Martha Alexander martha_alexander@biz.com 1 136 4477.04 4163.647,Tom
289 Mina Hamilton mina_hamilton@biz.com 1 136 4460.37 4148.144,Tom
290 Barry Farrow barry_farrow@biz.com 1 137 4111.20 3823.416,Agnes
291 Kieth Carter kieth_carter@biz.com 1 137 2975.04 2766.787,Agnes
292 Sonya Sinclair sonya_sinclair@biz.com 1 139 3617.50 3364.275,Rocco
293 Abdul Barrett abdul_barrett@biz.com 1 139 3815.27 3548.201,Rocco
294 Bryce Owens bryce_owens@biz.com 1 140 4033.50 3751.155,Caleb
295 Elijah Stevens elijah_stevens@biz.com 1 140 3367.99 3132.231,Caleb
296 Maria Mcneill maria_mcneill@biz.com 1 140 3871.61 3600.597,Caleb
297 Kieth Riley kieth_riley@biz.com 1 145 4699.61 4370.637,Francesca
298 Johnny Bennett johnny_bennett@biz.com 1 145 3740.23 3478.414,Francesca
299 Ramon Clayton ramon_clayton@biz.com 1 145 4666.50 4339.845,Francesca
300 John Leslie john_leslie@biz.com 1 145 3509.10 3263.463,Francesca
301 Aurelia Chester aurelia_chester@biz.com 1 150 3243.38 3016.343,Alexander
302 Doug Edwards doug_edwards@biz.com 1 151 3631.95 3377.713,Alex
303 Ron Edmonds ron_edmonds@biz.com 1 151 3623.11 3369.492,Alex
304 Ronald Michael ronald_michael@biz.com 1 151 3889.75 3617.468,Alex
305 Amy King amy_king@biz.com 1 151 4114.63 3826.606,Alex
306 Emery Waterhouse emery_waterhouse@biz.com 1 152 4269.94 3971.044,Paige
307 Manuel Radley manuel_radley@biz.com 1 152 4607.05 4284.556,Paige
308 Kieth Wild kieth_wild@biz.com 1 152 2871.85 2670.821,Paige
309 Angela Higgs angela_higgs@biz.com 1 153 4622.22 4298.665,Luke
310 Cassidy Button cassidy_button@biz.com 1 153 4389.54 4082.272,Luke
311 Rihanna Nobbs rihanna_nobbs@biz.com 1 153 3502.70 3257.511,Luke
312 Anthony Brown anthony_brown@biz.com 1 153 3449.45 3207.989,Luke
313 Tony Greenwood tony_greenwood@biz.com 1 154 3216.48 2991.326,Cedrick
314 Percy Walton percy_walton@biz.com 1 154 4482.80 4169.004,Cedrick
315 Marvin Harper marvin_harper@biz.com 1 154 4577.22 4256.815,Cedrick
316 Shay Gonzales shay_gonzales@biz.com 1 154 4569.50 4249.635,Cedrick
317 Benjamin Gibbons benjamin_gibbons@biz.com 1 155 4079.02 3793.489,Christine
318 Hanna Warden hanna_warden@biz.com 1 155 4384.95 4078.004,Christine
319 Michael Pitt michael_pitt@biz.com 1 155 3516.13 3270.001,Christine
320 Nate Collins nate_collins@biz.com 1 155 3177.75 2955.308,Christine
321 Ron Squire ron_squire@biz.com 1 155 2863.31 2662.878,Christine
322 Nathan Summers nathan_summers@biz.com 1 155 3484.06 3240.176,Christine
323 Hank Ripley hank_ripley@biz.com 1 156 4407.98 4099.421,Charlize
324 Quinn Price quinn_price@biz.com 1 156 4489.83 4175.542,Charlize
325 Melody Ventura melody_ventura@biz.com 1 156 4101.07 3813.995,Charlize
326 Tom Drew tom_drew@biz.com 1 157 4406.86 4098.380,Mike
327 Kaylee Stanley kaylee_stanley@biz.com 1 157 3290.99 3060.621,Mike
328 Bryon Williams bryon_williams@biz.com 1 157 2966.19 2758.557,Mike
329 Shay Hamilton shay_hamilton@biz.com 1 157 4263.48 3965.036,Mike
330 Miley Murray miley_murray@biz.com 1 158 4188.81 3895.593,Carl
331 Joseph Emmett joseph_emmett@biz.com 1 158 3964.45 3686.938,Carl
332 Alessia Groves alessia_groves@biz.com 1 158 4607.68 4285.143,Carl
333 Doug Stark doug_stark@biz.com 1 159 3985.08 3706.125,Blake
334 Bob Wilson bob_wilson@biz.com 1 159 3402.65 3164.464,Blake
335 Matthew Robinson matthew_robinson@biz.com 1 159 2722.40 2531.832,Blake
336 Bart Pitt bart_pitt@biz.com 1 159 3811.43 3544.630,Blake
337 Logan Gibson logan_gibson@biz.com 1 160 4653.47 4327.728,Bryce
338 Willow Giles willow_giles@biz.com 1 160 3713.77 3453.806,Bryce
339 Caitlyn Moss caitlyn_moss@biz.com 1 160 4456.61 4144.647,Bryce
340 Blake Collins blake_collins@biz.com 1 160 4341.39 4037.493,Bryce
341 Marvin Powell marvin_powell@biz.com 1 161 3215.17 2990.108,Beatrice
342 Hank Reading hank_reading@biz.com 1 161 3932.19 3656.937,Beatrice
343 Sebastian Collins sebastian_collins@biz.com 1 162 4168.84 3877.021,Adelaide
344 Benny Emmott benny_emmott@biz.com 1 162 4652.68 4326.993,Adelaide
345 Bart Mcleod bart_mcleod@biz.com 1 162 3858.41 3588.321,Adelaide
346 Bob Edley bob_edley@biz.com 1 163 3424.37 3184.664,Havana
347 Phoebe Haines phoebe_haines@biz.com 1 163 4636.64 4312.075,Havana
348 Harry Raven harry_raven@biz.com 1 163 3026.01 2814.189,Havana
349 Kendra Stuart kendra_stuart@biz.com 1 163 4419.95 4110.554,Havana
350 Mason Rixon mason_rixon@biz.com 1 164 2850.92 2651.355,Jules
351 Johnny Clarke johnny_clarke@biz.com 1 164 4439.21 4128.465,Jules
352 Fred Burge fred_burge@biz.com 1 164 4377.94 4071.484,Jules
353 Maya Carter maya_carter@biz.com 1 164 3539.74 3291.958,Jules
354 Luna Oatway luna_oatway@biz.com 1 164 2775.18 2580.917,Jules
355 George Upton george_upton@biz.com 1 165 4626.77 4302.896,Julia
356 Ryan Hunter ryan_hunter@biz.com 1 170 3915.88 3641.768,Melanie
357 Gil Cartwright gil_cartwright@biz.com 1 170 3103.07 2885.855,Melanie
358 Livia Hill livia_hill@biz.com 1 170 2868.66 2667.854,Melanie
359 Chad Miller chad_miller@biz.com 1 171 3255.35 3027.476,Kurt
360 Ronald Bristow ronald_bristow@biz.com 1 171 3843.74 3574.678,Kurt
361 Abdul Robinson abdul_robinson@biz.com 1 171 4190.43 3897.100,Kurt
362 Mark Wellington mark_wellington@biz.com 1 172 4067.82 3783.073,Sage
363 Ronald Wooldridge ronald_wooldridge@biz.com 1 172 3204.79 2980.455,Sage
364 Benjamin Thornton benjamin_thornton@biz.com 1 172 3747.30 3484.989,Sage
365 Tony Trent tony_trent@biz.com 1 174 3268.50 3039.705,Leroy
366 Teagan Shaw teagan_shaw@biz.com 1 174 4558.01 4238.949,Leroy
367 Noah Fall noah_fall@biz.com 1 174 3324.73 3091.999,Leroy
368 Phillip Bailey phillip_bailey@biz.com 1 176 4343.86 4039.790,Remy
369 Juliette Dickson juliette_dickson@biz.com 1 176 4369.46 4063.598,Remy
370 Clint Briggs clint_briggs@biz.com 1 176 3746.03 3483.808,Remy
371 Owen Whinter owen_whinter@biz.com 1 176 3255.62 3027.727,Remy
372 Dasha Reynolds dasha_reynolds@biz.com 1 177 3288.49 3058.296,Lara
373 Ruby Bradley ruby_bradley@biz.com 1 177 4232.02 3935.779,Lara
374 Hayden Whatson hayden_whatson@biz.com 1 177 3007.95 2797.394,Lara
375 Bart Marshall bart_marshall@biz.com 1 180 2891.19 2688.807,Jacqueline
376 Davina Notman davina_notman@biz.com 1 180 3846.63 3577.366,Jacqueline
377 Allison Flett allison_flett@biz.com 1 180 3407.66 3169.124,Jacqueline
378 Percy Andrews percy_andrews@biz.com 1 181 2965.21 2757.645,Ellen
379 Rufus Scott rufus_scott@biz.com 1 181 3725.81 3465.003,Ellen
380 Maria Gibson maria_gibson@biz.com 1 184 3587.72 3336.580,Percy
381 Julius Michael julius_michael@biz.com 1 184 3092.20 2875.746,Percy
382 Paige Hamilton paige_hamilton@biz.com 1 184 4598.42 4276.530,Percy
383 Eryn Poole eryn_poole@biz.com 1 184 4239.86 3943.070,Percy
384 Javier Pierce javier_pierce@biz.com 1 185 4007.44 3726.919,Goldie
385 Russel Connell russel_connell@biz.com 1 185 4068.94 3784.114,Goldie
386 Tyson Ranks tyson_ranks@biz.com 1 186 4468.93 4156.105,Bethany
387 Benny Woodley benny_woodley@biz.com 1 186 4608.99 4286.361,Bethany
388 Lucas Cobb lucas_cobb@biz.com 1 186 3873.37 3602.234,Bethany
389 Ally Gordon ally_gordon@biz.com 1 186 3899.21 3626.265,Bethany
390 Alba Grady alba_grady@biz.com 1 187 4307.50 4005.975,Estrella
391 Drew Lewis drew_lewis@biz.com 1 187 3187.74 2964.598,Estrella
392 Bristol Morley bristol_morley@biz.com 1 189 3016.32 2805.178,Georgia
393 Thea Dyson thea_dyson@biz.com 1 189 2746.49 2554.236,Georgia
394 Grace Wild grace_wild@biz.com 1 190 3169.80 2947.914,Lillian
395 Maxwell Hunter maxwell_hunter@biz.com 1 190 3988.56 3709.361,Lillian
396 Nancy Strong nancy_strong@biz.com 1 190 4035.30 3752.829,Lillian
397 Ivette Alexander ivette_alexander@biz.com 1 195 2736.09 2544.564,Crystal
398 Rosalyn Veale rosalyn_veale@biz.com 1 195 2914.94 2710.894,Crystal
399 Gil Hunt gil_hunt@biz.com 1 195 3821.15 3553.669,Crystal
400 Abdul Gibbons abdul_gibbons@biz.com 1 195 4479.90 4166.307,Crystal
401 Bristol Giles bristol_giles@biz.com 1 200 3981.22 3702.535,Doris
402 Bernadette Morley bernadette_morley@biz.com 1 201 2929.77 2724.686,Logan
403 Alessandra Blackwall alessandra_blackwall@biz.com 1 201 4492.53 4178.053,Logan
404 Lexi Carson lexi_carson@biz.com 1 201 3598.76 3346.847,Logan
405 Ethan Furnell ethan_furnell@biz.com 1 201 3979.83 3701.242,Logan
406 Josh Hunter josh_hunter@biz.com 1 202 3182.82 2960.023,Emerald
407 Charlotte Varndell charlotte_varndell@biz.com 1 202 3907.99 3634.431,Emerald
408 Eduardo Gregory eduardo_gregory@biz.com 1 202 3849.70 3580.221,Emerald
409 Carl Cann carl_cann@biz.com 1 203 4146.74 3856.469,Peter
410 Kaylee Reynolds kaylee_reynolds@biz.com 1 203 4576.87 4256.489,Peter
411 Noah Robertson noah_robertson@biz.com 1 203 3921.75 3647.228,Peter
412 Sabrina Goodman sabrina_goodman@biz.com 1 203 3024.94 2813.194,Peter
413 Audrey Neal audrey_neal@biz.com 1 204 3032.17 2819.918,Jayden
414 Margot Osman margot_osman@biz.com 1 204 2952.27 2745.611,Jayden
415 Cara Richards cara_richards@biz.com 1 204 3666.51 3409.854,Jayden
416 Cedrick Furnell cedrick_furnell@biz.com 1 204 4072.48 3787.406,Jayden
417 Martin Roth martin_roth@biz.com 1 205 3541.40 3293.502,Maxwell
418 Stella Dixon stella_dixon@biz.com 1 205 3062.20 2847.846,Maxwell
419 Maya Yoman maya_yoman@biz.com 1 205 3312.05 3080.207,Maxwell
420 Joy Morrow joy_morrow@biz.com 1 205 4256.83 3958.852,Maxwell
421 Hayden Aldridge hayden_aldridge@biz.com 1 205 3679.94 3422.344,Maxwell
422 Peter Rodwell peter_rodwell@biz.com 1 205 4306.53 4005.073,Maxwell
423 Manuel Bishop manuel_bishop@biz.com 1 206 3549.81 3301.323,Regina
424 Clint Ring clint_ring@biz.com 1 206 3359.33 3124.177,Regina
425 Shay James shay_james@biz.com 1 206 4140.75 3850.897,Regina
426 Rocco Ellis rocco_ellis@biz.com 1 207 4024.52 3742.804,Celina
427 Rick Overson rick_overson@biz.com 1 207 2919.98 2715.581,Celina
428 Stella Lynch stella_lynch@biz.com 1 207 3012.01 2801.169,Celina
429 Denis Yarlett denis_yarlett@biz.com 1 207 3874.91 3603.666,Celina
430 Destiny Notman destiny_notman@biz.com 1 208 2606.00 2423.580,Nicholas
431 Kamila Andrews kamila_andrews@biz.com 1 208 3775.79 3511.485,Nicholas
432 Gwen Gosling gwen_gosling@biz.com 1 208 4412.95 4104.043,Nicholas
433 Ron Amstead ron_amstead@biz.com 1 209 4063.80 3779.334,Vicky
434 Ivette Partridge ivette_partridge@biz.com 1 209 4408.71 4100.100,Vicky
435 Denny Rowe denny_rowe@biz.com 1 209 3015.12 2804.062,Vicky
436 Elena Whatson elena_whatson@biz.com 1 209 3905.54 3632.152,Vicky
437 Aeris Brennan aeris_brennan@biz.com 1 210 4087.90 3801.747,Cedrick
438 Crystal Martin crystal_martin@biz.com 1 210 3147.46 2927.138,Cedrick
439 Nate Scott nate_scott@biz.com 1 210 3536.84 3289.261,Cedrick
440 Mark Shaw mark_shaw@biz.com 1 210 3239.38 3012.623,Cedrick
441 David Freeburn david_freeburn@biz.com 1 211 2595.81 2414.103,Scarlett
442 Alexander Gaynor alexander_gaynor@biz.com 1 211 3019.36 2808.005,Scarlett
443 Jennifer Hewitt jennifer_hewitt@biz.com 1 212 3582.35 3331.586,Chris
444 Chelsea Thompson chelsea_thompson@biz.com 1 212 4000.36 3720.335,Chris
445 Robyn Craig robyn_craig@biz.com 1 212 2830.97 2632.802,Chris
446 Sofia Bloom sofia_bloom@biz.com 1 213 3383.02 3146.208,Ron
447 Aisha Wellington aisha_wellington@biz.com 1 213 3743.13 3481.111,Ron
448 Willow Walker willow_walker@biz.com 1 213 3824.83 3557.092,Ron
449 Sofia Walsh sofia_walsh@biz.com 1 213 3196.23 2972.494,Ron
450 Jayden Collins jayden_collins@biz.com 1 214 3939.84 3664.051,Shay
451 Ryan Webster Ryan_Webster6612@hourpy.biz 2 214 55 42.26 2324.3,Shay
452 Emmanuelle Tennant Emmanuelle_Tennant8391@deavo.com 2 214 43 34.84 1498.1,Shay
453 Madison Niles Madison_Niles1183@naiker.biz 2 214 55 57.71 3174.1,Shay
454 Julius Abbey Julius_Abbey7193@liret.org 2 214 69 34.31 2367.4,Shay
455 Chris Beal Chris_Beal747@twipet.com 2 215 16 51.62 825.9,Daphne
456 Bart Talbot Bart_Talbot7475@sveldo.biz 2 220 76 53.07 4033.3,Aiden
457 Barney Patel Barney_Patel1198@bretoux.com 2 220 15 33.10 496.5,Aiden
458 Leroy Grady Leroy_Grady6771@yahoo.com 2 220 46 55.75 2564.5,Aiden
459 Summer Forth Summer_Forth493@gompie.com 2 221 74 30.58 2262.9,Carl
460 Selena Eyres Selena_Eyres942@corti.com 2 221 90 32.53 2927.7,Carl
461 Sara Dallas Sara_Dallas3754@mafthy.com 2 221 7 32.52 227.6,Carl
462 Cameron Chester Cameron_Chester3738@bretoux.com 2 222 99 53.05 5251.9,Jessica
463 Madelyn Woodcock Madelyn_Woodcock7383@muall.tech 2 222 10 58.33 583.3,Jessica
464 Harmony Roth Harmony_Roth8138@naiker.biz 2 222 81 39.67 3213.3,Jessica
465 Tess Needham Tess_Needham6921@tonsy.org 2 224 19 33.83 642.8,Rosie
466 Nathan Preston Nathan_Preston5065@naiker.biz 2 224 78 46.34 3614.5,Rosie
467 Gwenyth Bullock Gwenyth_Bullock2591@joiniaa.com 2 224 74 49.72 3679.3,Rosie
468 Ethan Huggins Ethan_Huggins5325@hourpy.biz 2 226 99 54.99 5444.0,Sage
469 Daria James Daria_James3577@hourpy.biz 2 226 57 58.94 3359.6,Sage
470 Bree Thornton Bree_Thornton4087@gompie.com 2 226 54 52.89 2856.1,Sage
471 Georgia Michael Georgia_Michael3024@nimogy.biz 2 226 80 55.95 4476.0,Sage
472 Melanie Bullock Melanie_Bullock1821@jiman.org 2 227 52 31.34 1629.7,Michelle
473 Georgia Giles Georgia_Giles5785@irrepsy.com 2 227 12 43.66 523.9,Michelle
474 Denny Ventura Denny_Ventura3325@twipet.com 2 227 2 52.62 105.2,Michelle
475 Marvin Richards Marvin_Richards9884@supunk.biz 2 230 18 32.35 582.3,Boris
476 Roger Williams Roger_Williams8567@brety.org 2 230 26 40.47 1052.2,Boris
477 William Allen William_Allen9372@gompie.com 2 230 82 41.38 3393.2,Boris
478 Charlotte Ward Charlotte_Ward5660@joiniaa.com 2 231 98 36.82 3608.4,Mabel
479 Anthony Brooks Anthony_Brooks2669@brety.org 2 231 73 59.47 4341.3,Mabel
480 Cristal Murray Cristal_Murray8938@typill.biz 2 234 67 45.87 3073.3,Amy
481 Phillip Shelton Phillip_Shelton1141@bauros.biz 2 234 33 38.95 1285.3,Amy
482 Leroy Rivers Leroy_Rivers9096@atink.com 2 234 68 32.29 2195.7,Amy
483 Daron Mcgregor Daron_Mcgregor4462@hourpy.biz 2 234 5 49.16 245.8,Amy
484 Gwen Radley Gwen_Radley168@twipet.com 2 235 40 53.09 2123.6,Johnny
485 Mona Atkinson Mona_Atkinson9210@naiker.biz 2 235 50 58.37 2918.5,Johnny
486 Alexa Ralph Alexa_Ralph2538@nickia.com 2 236 7 31.74 222.2,Daron
487 Bart Noon Bart_Noon486@iatim.tech 2 236 60 45.91 2754.6,Daron
488 Ronald Wilton Ronald_Wilton1904@irrepsy.com 2 236 77 43.54 3352.6,Daron
489 Payton Baker Payton_Baker4173@cispeto.com 2 236 58 42.70 2476.6,Daron
490 Logan Weasley Logan_Weasley4443@nickia.com 2 237 48 43.50 2088.0,Tony
491 Maxwell Taylor Maxwell_Taylor6007@zorer.org 2 237 52 40.86 2124.7,Tony
492 Rosalee Gilmour Rosalee_Gilmour3294@zorer.org 2 239 79 43.88 3466.5,Mavis
493 Barney Gordon Barney_Gordon2322@gmail.com 2 239 81 30.76 2491.6,Mavis
494 Ivy Talbot Ivy_Talbot8149@yahoo.com 2 240 9 44.54 400.9,Lana
495 Stephanie Rycroft Stephanie_Rycroft5398@gmail.com 2 240 36 37.01 1332.4,Lana
496 Makena Crawley Makena_Crawley4184@mafthy.com 2 240 76 45.41 3451.2,Lana
497 Boris Bailey Boris_Bailey5789@twace.org 2 245 15 59.49 892.4,Maxwell
498 William Pickard William_Pickard1707@ovock.tech 2 245 47 30.32 1425.0,Maxwell
499 Irene Michael Irene_Michael3147@vetan.org 2 245 62 34.85 2160.7,Maxwell
500 Maxwell Fowler Maxwell_Fowler569@muall.tech 2 245 5 42.40 212.0,Maxwell
501 Brad Paterson Brad_Paterson4114@iatim.tech 2 250 37 48.96 1811.5,Nathan
502 Alexander Osmond Alexander_Osmond2234@infotech44.tech 2 251 4 38.68 154.7,Abdul
503 Sydney Phillips Sydney_Phillips7466@mafthy.com 2 251 14 58.51 819.1,Abdul
504 Jacob Parr Jacob_Parr971@sheye.org 2 251 3 57.00 171.0,Abdul
505 Owen Burge Owen_Burge8588@liret.org 2 251 50 39.41 1970.5,Abdul
506 Hanna Verdon Hanna_Verdon9269@grannar.com 2 252 67 32.92 2205.6,Valentina
507 Martin Logan Martin_Logan7746@famism.biz 2 252 62 56.73 3517.3,Valentina
508 Henry Holt Henry_Holt9583@gmail.com 2 252 95 46.84 4449.8,Valentina
509 Jazmin Kidd Jazmin_Kidd2060@nimogy.biz 2 253 55 33.80 1859.0,Victoria
510 Barry Phillips Barry_Phillips7278@corti.com 2 253 58 57.46 3332.7,Victoria
511 Adalie Stewart Adalie_Stewart2857@typill.biz 2 253 87 47.52 4134.2,Victoria
512 Percy Clarke Percy_Clarke1732@irrepsy.com 2 253 59 51.00 3009.0,Victoria
513 Courtney James Courtney_James6697@eirey.tech 2 254 84 41.96 3524.6,Doug
514 Benny Tyrrell Benny_Tyrrell6921@grannar.com 2 254 52 39.02 2029.0,Doug
515 Ally Stevenson Ally_Stevenson7278@fuliss.net 2 254 96 34.15 3278.4,Doug
516 Rosa Tait Rosa_Tait1615@tonsy.org 2 254 20 47.20 944.0,Doug
517 Tania Hamilton Tania_Hamilton4392@sveldo.biz 2 255 69 50.81 3505.9,Helen
518 Louise Oatway Louise_Oatway9597@nanoff.biz 2 255 54 32.96 1779.8,Helen
519 Sasha Allen Sasha_Allen4909@bretoux.com 2 255 72 49.87 3590.6,Helen
520 Angela Briggs Angela_Briggs9627@dionrab.com 2 255 8 51.17 409.4,Helen
521 Emery Townend Emery_Townend1682@elnee.tech 2 255 14 53.39 747.5,Helen
522 Phillip Wilkinson Phillip_Wilkinson2721@womeona.net 2 255 73 40.53 2958.7,Helen
523 Abbey Stanley Abbey_Stanley9758@womeona.net 2 256 76 49.39 3753.6,Danny
524 Russel Blythe Russel_Blythe5668@irrepsy.com 2 256 25 46.71 1167.8,Danny
525 Caydence Shea Caydence_Shea5255@muall.tech 2 256 16 57.14 914.2,Danny
526 Eduardo Rigg Eduardo_Rigg4159@yahoo.com 2 257 35 58.87 2060.4,Tony
527 Johnathan Mcgee Johnathan_Mcgee878@brety.org 2 257 94 33.01 3102.9,Tony
528 Beatrice Saunders Beatrice_Saunders44@deavo.com 2 257 8 51.44 411.5,Tony
529 Rosalee Kelly Rosalee_Kelly4231@sveldo.biz 2 257 22 44.27 973.9,Tony
530 Rick Lynch Rick_Lynch9604@muall.tech 2 258 88 48.79 4293.5,Gwenyth
531 Josh Bryant Josh_Bryant4961@joiniaa.com 2 258 97 32.43 3145.7,Gwenyth
532 Denny Corbett Denny_Corbett5233@muall.tech 2 258 54 46.67 2520.2,Gwenyth
533 Jane Marshall Jane_Marshall2365@eirey.tech 2 259 62 56.26 3488.1,Brad
534 Hank Pearson Hank_Pearson2502@guentu.biz 2 259 70 53.98 3778.6,Brad
535 Mark Terry Mark_Terry8490@acrit.org 2 259 92 37.62 3461.0,Brad
536 Angelique Williams Angelique_Williams4160@guentu.biz 2 259 44 40.35 1775.4,Brad
537 Amy Booth Amy_Booth7726@cispeto.com 2 260 49 57.52 2818.5,Sarah
538 Carissa Woodcock Carissa_Woodcock6864@bungar.biz 2 260 69 55.74 3846.1,Sarah
539 Esmeralda Olivier Esmeralda_Olivier3578@jiman.org 2 260 54 47.62 2571.5,Sarah
540 Russel Chappell Russel_Chappell1666@bauros.biz 2 260 13 34.33 446.3,Sarah
541 Moira Mann Moira_Mann623@brety.org 2 261 35 40.08 1402.8,Ruth
542 Enoch Eddison Enoch_Eddison1493@brety.org 2 261 32 32.63 1044.2,Ruth
543 Belinda Cork Belinda_Cork6246@irrepsy.com 2 262 12 37.48 449.8,Havana
544 Gabriel Forester Gabriel_Forester7236@zorer.org 2 262 80 48.84 3907.2,Havana
545 Danny Jones Danny_Jones3252@iatim.tech 2 262 56 57.22 3204.3,Havana
546 Carmella Osman Carmella_Osman5847@deons.tech 2 263 79 37.15 2934.9,John
547 Phillip Jones Phillip_Jones6735@acrit.org 2 263 14 33.94 475.2,John
548 Violet Stone Violet_Stone385@twipet.com 2 263 96 31.41 3015.4,John
549 Molly Russel Molly_Russel9627@nanoff.biz 2 263 53 50.59 2681.3,John
550 Eileen Cooper Eileen_Cooper8813@mafthy.com 2 264 95 59.17 5621.1,Rita
551 Isla Paterson Isla_Paterson3053@corti.com 2 264 50 56.63 2831.5,Rita
552 Laila Price Laila_Price4422@corti.com 2 264 97 53.33 5173.0,Rita
553 Lynn Briggs Lynn_Briggs626@cispeto.com 2 264 2 36.11 72.2,Rita
554 Nick Baker Nick_Baker2843@gmail.com 2 264 56 39.60 2217.6,Rita
555 Mackenzie Parker Mackenzie_Parker4348@eirey.tech 2 265 68 51.16 3478.9,Adela
556 Melody Mann Melody_Mann1569@nanoff.biz 2 270 14 59.19 828.7,Noah
557 Phillip Kerr Phillip_Kerr7@qater.org 2 270 11 48.72 535.9,Noah
558 Thea Cox Thea_Cox1810@corti.com 2 270 81 37.86 3066.7,Noah
559 Jayden Henderson Jayden_Henderson5561@brety.org 2 271 61 46.97 2865.2,Fred
560 Daria Adams Daria_Adams4623@dionrab.com 2 271 33 34.62 1142.5,Fred
561 Anthony Maxwell Anthony_Maxwell5158@sheye.org 2 271 59 46.03 2715.8,Fred
562 Anthony Tennant Anthony_Tennant637@iatim.tech 2 272 86 47.89 4118.5,Julius
563 John Bright John_Bright2743@gembat.biz 2 272 69 45.48 3138.1,Julius
564 Chester Tailor Chester_Tailor2132@infotech44.tech 2 272 8 33.34 266.7,Julius
565 Phoebe Wilcox Phoebe_Wilcox7988@kideod.biz 2 274 67 39.56 2650.5,Jayden
566 Celia Miller Celia_Miller7039@muall.tech 2 274 66 47.17 3113.2,Jayden
567 Barney Weatcroft Barney_Weatcroft907@tonsy.org 2 274 36 37.27 1341.7,Jayden
568 Eduardo Gilmore Eduardo_Gilmore2315@zorer.org 2 276 36 42.93 1545.5,Liv
569 Cristal Nielson Cristal_Nielson5455@extex.org 2 276 53 31.37 1662.6,Liv
570 Manuel Wren Manuel_Wren3557@hourpy.biz 2 276 46 35.10 1614.6,Liv
571 Percy Power Percy_Power4976@ovock.tech 2 276 42 52.69 2213.0,Liv
572 Britney Dixon Britney_Dixon735@liret.org 2 277 94 56.93 5351.4,Alan
573 Samara Williams Samara_Williams4170@yahoo.com 2 277 84 54.09 4543.6,Alan
574 Rosa Russel Rosa_Russel939@zorer.org 2 277 80 46.39 3711.2,Alan
575 Erick Holmes Erick_Holmes3524@supunk.biz 2 280 6 52.43 314.6,Gloria
576 Makena Cann Makena_Cann8004@naiker.biz 2 280 31 43.84 1359.0,Gloria
577 Jane Tindall Jane_Tindall8732@gembat.biz 2 280 99 49.92 4942.1,Gloria
578 William Jarrett William_Jarrett1386@vetan.org 2 281 24 38.32 919.7,Matthew
579 Ronald Coates Ronald_Coates9949@naiker.biz 2 281 82 54.12 4437.8,Matthew
580 Peyton Robinson Peyton_Robinson5139@vetan.org 2 284 90 45.66 4109.4,Tom
581 Marjorie Alcroft Marjorie_Alcroft4803@zorer.org 2 284 41 53.51 2193.9,Tom
582 Bristol Knight Bristol_Knight1107@mafthy.com 2 284 82 34.50 2829.0,Tom
583 Alexander King Alexander_King2761@gompie.com 2 284 12 56.31 675.7,Tom
584 Maggie Funnell Maggie_Funnell2106@grannar.com 2 285 98 46.41 4548.2,Emma
585 Kirsten Norman Kirsten_Norman4921@nickia.com 2 285 70 53.37 3735.9,Emma
586 Joy Jefferson Joy_Jefferson5639@mafthy.com 2 286 4 44.03 176.1,Percy
587 Denis Larkin Denis_Larkin1936@extex.org 2 286 36 38.82 1397.5,Percy
588 Mabel Yoman Mabel_Yoman92@gompie.com 2 286 18 37.86 681.5,Percy
589 Johnny Walton Johnny_Walton5439@elnee.tech 2 286 72 51.50 3708.0,Percy
590 Josh Dann Josh_Dann4349@gompie.com 2 287 27 47.61 1285.5,Leanne
591 Ryan Becker Ryan_Becker9715@eirey.tech 2 287 96 33.68 3233.3,Leanne
592 Anais Gaynor Anais_Gaynor8054@bulaffy.com 2 289 29 46.96 1361.8,Mina
593 Darlene Johnson Darlene_Johnson5160@irrepsy.com 2 289 37 55.30 2046.1,Mina
594 Gil Wooldridge Gil_Wooldridge2926@joiniaa.com 2 290 57 43.58 2484.1,Barry
595 Adina Wright Adina_Wright6434@jiman.org 2 290 76 45.60 3465.6,Barry
596 Bart Davies Bart_Davies530@bretoux.com 2 290 47 31.12 1462.6,Barry
597 Cassidy Griffiths Cassidy_Griffiths9890@sheye.org 2 295 80 53.67 4293.6,Elijah
598 Audrey Pond Audrey_Pond9422@famism.biz 2 295 54 38.80 2095.2,Elijah
599 Faith Leigh Faith_Leigh1026@kideod.biz 2 295 75 41.40 3105.0,Elijah
600 Hank Jackson Hank_Jackson776@sveldo.biz 2 295 15 53.78 806.7,Elijah
